"EDS CHARGERS — роздрібні ціни № 1. Односторонні станції (S та QS)","Модель (SKU) ","Серія ","кВт ","Конфігурація ","Артикул для завантаження в CRM ","Ціна з ПДВ, € ","","","","","","","","","","","","","","","","","","",""
"1","EDS CHARGERS S80 UA (CCS+GBT)","S","80","2DC","EDS-S80-2DC","24 700","","","","","","","","","","","","","","","","","","",""
"2","EDS CHARGERS S80 UA (CCS+GBT+AC+AC)","S","80","2DC+2AC","EDS-S80-2DC+2AC","27 800","","","","","","","","","","","","","","","","","","",""
"3","EDS CHARGERS S80 UA (CCS+GBT+AC)","S","80","2DC+AC","EDS-S80-2DC+AC","26 100","","","","","","","","","","","","","","","","","","",""
"4","EDS CHARGERS S120 UA (CCS+GBT)","S","120","2DC","EDS-S120-2DC","29 600","","","","","","","","","","","","","","","","","","",""
"5","EDS CHARGERS S120 UA (CCS+GBT+AC+AC)","S","120","2DC+2AC","EDS-S120-2DC+2AC","30 400","","","","","","","","","","","","","","","","","","",""
"6","EDS CHARGERS S120 UA (CCS+GBT+AC)","S","120","2DC+AC","EDS-S120-2DC+AC","30 000","","","","","","","","","","","","","","","","","","",""
"7","EDS CHARGERS S120 UA (CCS+CCS+GBT)","S","120","3DC","EDS-S120-3DC","36 500","","","","","","","","","","","","","","","","","","",""
"8","EDS CHARGERS S120 UA (CCS+CCS+GBT+TYPE2)","S","120","3DC+TYPE2","EDS-S120-3DC+TYPE2","36 900","","","","","","","","","","","","","","","","","","",""
"9","EDS CHARGERS S160 UA (CCS+GBT)","S","160","2DC","EDS-S160-2DC","32 500","","","","","","","","","","","","","","","","","","",""
"10","EDS CHARGERS S160 UA (CCS+GBT+AC+AC)","S","160","2DC+2AC","EDS-S160-2DC+2AC","33 300","","","","","","","","","","","","","","","","","","",""
"11","EDS CHARGERS S160 UA (CCS+GBT+AC)","S","160","2DC+AC","EDS-S160-2DC+AC","32 900","","","","","","","","","","","","","","","","","","",""
"12","EDS CHARGERS S160 UA (CCS+CCS+GBT)","S","160","3DC","EDS-S160-3DC","37 500","","","","","","","","","","","","","","","","","","",""
"13","EDS CHARGERS S160 UA (CCS+CCS+GBT+TYPE2)","S","160","3DC+TYPE2","EDS-S160-3DC+TYPE2","37 900","","","","","","","","","","","","","","","","","","",""
"14","EDS CHARGERS QS200 UA (CCS2+CCS2)","QS","200","2DC","EDS-QS200-2DC","45 900","","","","","","","","","","","","","","","","","","",""
"15","EDS CHARGERS QS200 UA (CCS2+GB/T+CCS2)","QS","200","3DC","EDS-QS200-3DC","47 200","","","","","","","","","","","","","","","","","","",""
"16","EDS CHARGERS QS200 UA (CCS2+GB/T+CCS2+GB/T)","QS","200","4DC","EDS-QS200-4DC","51 000","","","","","","","","","","","","","","","","","","",""
"17","EDS CHARGERS QS240 UA (CCS2+CCS2)","QS","240","2DC","EDS-QS240-2DC","48 800","","","","","","","","","","","","","","","","","","",""
"18","EDS CHARGERS QS240 UA (CCS2+GB/T+CCS2)","QS","240","3DC","EDS-QS240-3DC","52 700","","","","","","","","","","","","","","","","","","",""
"19","EDS CHARGERS QS240 UA (CCS2+GB/T+CCS2+GB/T)","QS","240","4DC","EDS-QS240-4DC","58 800","","","","","","","","","","","","","","","","","","",""
"20","EDS CHARGERS QS320 UA (CCS2+CCS2)","QS","320","2DC","EDS-QS320-2DC","57 700","","","","","","","","","","","","","","","","","","",""
"21","EDS CHARGERS QS320 UA (CCS2+GB/T+CCS2)","QS","320","3DC","EDS-QS320-3DC","61 500","","","","","","","","","","","","","","","","","","",""
"22","EDS CHARGERS QS320 UA (CCS2+GB/T+CCS2+GB/T)","QS","320","4DC","EDS-QS320-4DC","65 300","","","","","","","","","","","","","","","","","","",""
"23","EDS CHARGERS QS360 UA (CCS2+CCS2)","QS","360","2DC","EDS-QS360-2DC","62 800","","","","","","","","","","","","","","","","","","",""
"24","EDS CHARGERS QS360 UA (CCS2+GB/T+CCS2)","QS","360","3DC","EDS-QS360-3DC","66 500","","","","","","","","","","","","","","","","","","",""
"25","EDS CHARGERS QS360 UA (CCS2+GB/T+CCS2+GB/T)","QS","360","4DC","EDS-QS360-4DC","72 800","","","","","","","","","","","","","","","","","","",""
"26","EDS CHARGERS QS400 UA (CCS2+CCS2)","QS","400","2DC","EDS-QS400-2DC","65 700","","","","","","","","","","","","","","","","","","",""
"27","EDS CHARGERS QS400 UA (CCS2+GB/T+CCS2)","QS","400","3DC","EDS-QS400-3DC","69 500","","","","","","","","","","","","","","","","","","",""
"28","EDS CHARGERS QS400 UA (CCS2+GB/T+CCS2+GB/T)","QS","400","4DC","EDS-QS400-4DC","73 300","","","","","","","","","","","","","","","","","","",""
"29","EDS CHARGERS QS440 UA (CCS2+CCS2)","QS","440","2DC","EDS-QS440-2DC","67 200","","","","","","","","","","","","","","","","","","",""
"30","EDS CHARGERS QS440 UA (CCS2+GB/T+CCS2)","QS","440","3DC","EDS-QS440-3DC","71 000","","","","","","","","","","","","","","","","","","",""
"31","EDS CHARGERS QS440 UA (CCS2+GB/T+CCS2+GB/T)","QS","440","4DC","EDS-QS440-4DC","74 800","","","","","","","","","","","","","","","","","","",""
"32","EDS CHARGERS QS480 UA (CCS2+CCS2)","QS","480","2DC","EDS-QS480-2DC","68 700","","","","","","","","","","","","","","","","","","",""
"33","EDS CHARGERS QS480 UA (CCS2+GB/T+CCS2)","QS","480","3DC","EDS-QS480-3DC","72 500","","","","","","","","","","","","","","","","","","",""
"34","EDS CHARGERS QS480 UA (CCS2+GB/T+CCS2+GB/T)","QS","480","4DC","EDS-QS480-4DC","76 300","","","","","","","","","","","","","","","","","","",""
"35","EDS CHARGERS Q240 UA (CCS2+GB/T+CCS2+GB/T)","Q","240","4DC","EDS-Q240-4DC","63 400","","","","","","","","","","","","","","","","","","",""
"36","EDS CHARGERS Q320 UA (CCS2+GB/T+CCS2+GB/T)","Q","320","4DC","EDS-Q320-4DC","69 800","","","","","","","","","","","","","","","","","","",""
"37","EDS CHARGERS Q360 UA (CCS2+GB/T+CCS2+GB/T)","Q","360","4DC","EDS-Q360-4DC","76 300","","","","","","","","","","","","","","","","","","",""
"38","EDS CHARGERS Q400 UA (CCS2+GB/T+CCS2+GB/T)","Q","400","4DC","EDS-Q400-4DC","77 800","","","","","","","","","","","","","","","","","","",""
"39","EDS CHARGERS Q440 UA (CCS2+GB/T+CCS2+GB/T)","Q","440","4DC","EDS-Q440-4DC","79 300","","","","","","","","","","","","","","","","","","",""
"40","EDS CHARGERS Q480 UA (CCS2+GB/T+CCS2+GB/T)","Q","480","4DC","EDS-Q480-4DC","80 800","","","","","","","","","","","","","","","","","","",""
"41","EDS CHARGERS SPLIT360 UA POWER UNIT на 12 кабелів (6 диспенсерів) до 500А","SPLIT","360","до 500А","EDS-SPLIT360-до 500А","60 000","","","","","","","","","","","","","","","","","","",""
"42","EDS CHARGERS SPLIT480 UA POWER UNIT на 12 кабелів (6 диспенсерів) до 500А","SPLIT","480","до 500А","EDS-SPLIT480-до 500А","71 800","","","","","","","","","","","","","","","","","","",""
"43","EDS CHARGERS SPLIT720 UA POWER UNIT на 12 кабелів (6 диспенсерів) до 500А","SPLIT","720","до 500А","EDS-SPLIT720-до 500А","102 000","","","","","","","","","","","","","","","","","","",""
"44","EDS CHARGERS SPLIT960 UA POWER UNIT на 12 кабелів (6 диспенсерів) до 500А","SPLIT","960","до 500А","EDS-SPLIT960-до 500А","112 800","","","","","","","","","","","","","","","","","","",""
"45","EDS CHARGERS SPLIT1080 UA POWER UNIT на 12 кабелів (6 диспенсерів) до 500А","SPLIT","1080","до 500А","EDS-SPLIT1080-до 500А","133 400","","","","","","","","","","","","","","","","","","",""
"46","EDS CHARGERS SPLIT1440 UA POWER UNIT на 12 кабелів (6 диспенсерів) до 500А","SPLIT","1440","до 500А","EDS-SPLIT1440-до 500А","147 500","","","","","","","","","","","","","","","","","","",""
"47","EDS CHARGERS SPLIT UA DISPENSER STANDART (до 500А - peak) на 2 DC","DISPENSER","","2 DC (повітр.)","EDS-DISPENSER-2 DC (повітр.)","18 000","","","","","","","","","","","","","","","","","","",""
"48","EDS CHARGERS SPLIT360 UA POWER UNIT на 12 кабелів (6 диспенсерів) 600А (буст до 700А)","SPLIT","360","600А (буст до 700А)","EDS-SPLIT360-600А (буст до 700А)","62 800","","","","","","","","","","","","","","","","","","",""
"49","EDS CHARGERS SPLIT480 UA POWER UNIT на 12 кабелів (6 диспенсерів) 600А (буст до 700А)","SPLIT","480","600А (буст до 700А)","EDS-SPLIT480-600А (буст до 700А)","73 800","","","","","","","","","","","","","","","","","","",""
"50","EDS CHARGERS SPLIT720 UA POWER UNIT на 12 кабелів (6 диспенсерів) 600А (буст до 700А)","SPLIT","720","600А (буст до 700А)","EDS-SPLIT720-600А (буст до 700А)","102 800","","","","","","","","","","","","","","","","","","",""
"51","EDS CHARGERS SPLIT960 UA POWER UNIT на 12 кабелів (6 диспенсерів) 600А (буст до 700А)","SPLIT","960","600А (буст до 700А)","EDS-SPLIT960-600А (буст до 700А)","114 000","","","","","","","","","","","","","","","","","","",""
"52","EDS CHARGERS SPLIT1080 UA POWER UNIT на 12 кабелів (6 диспенсерів) 600А (буст до 700А)","SPLIT","1080","600А (буст до 700А)","EDS-SPLIT1080-600А (буст до 700А)","135 000","","","","","","","","","","","","","","","","","","",""
"53","EDS CHARGERS SPLIT1440 UA POWER UNIT на 12 кабелів (6 диспенсерів) 600А (буст до 700А)","SPLIT","1440","600А (буст до 700А)","EDS-SPLIT1440-600А (буст до 700А)","150 000","","","","","","","","","","","","","","","","","","",""
"54","EDS CHARGERS SPLIT UA DISPENSER PRO (600А - regular, 700A - peak) на 2 DC","DISPENSER","","2 DC (рідин.)","EDS-DISPENSER-2 DC (рідин.)","26 000","","","","","","","","","","","","","","","","","","",""